"Player","Born","Url","player_dob","player_url","player_position"
"Aaron Seydel",1996,"https://fbref.com/en/players/85b6462d/Aaron-Seydel",1996-02-07,"https://www.transfermarkt.com/aaron-seydel/profil/spieler/187499","Centre-Forward"
"Abakar Sylla",2002,"https://fbref.com/en/players/29c91632/Abakar-Sylla",2002-12-25,"https://www.transfermarkt.com/abakar-sylla/profil/spieler/962555","Centre-Back"
"Abdel Abqar",1999,"https://fbref.com/en/players/2bc7f211/Abdel-Abqar",1999-03-10,"https://www.transfermarkt.com/abdel-abqar/profil/spieler/559979","Centre-Back"
"Abou Lo",2000,"https://fbref.com/en/players/10e51236/Abou-Lo",2000-01-02,"https://www.transfermarkt.com/abou-lo/profil/spieler/739076","Centre-Back"
"Adama Bojang",2004,"https://fbref.com/en/players/e606b6c0/Adama-Bojang",2004-05-28,"https://www.transfermarkt.com/adama-bojang/profil/spieler/1111912","Centre-Forward"
"Adria Altimira",2001,"https://fbref.com/en/players/757a3431/Adria-Altimira",2001-03-28,"https://www.transfermarkt.com/adria-altimira/profil/spieler/466807","Right-Back"
"Adria Pedrosa",1998,"https://fbref.com/en/players/112521d1/Adria-Pedrosa",1998-05-13,"https://www.transfermarkt.com/adria-pedrosa/profil/spieler/501418","Left-Back"
"Adrian Beck",1997,"https://fbref.com/en/players/616c09f5/Adrian-Beck",1997-06-09,"https://www.transfermarkt.com/adrian-beck/profil/spieler/273669","Attacking Midfield"
"Adu Ares",2001,"https://fbref.com/en/players/a461f098/Adu-Ares",2001-10-12,"https://www.transfermarkt.com/adu-ares/profil/spieler/895480","Left Winger"
"Agustin Martegani",2000,"https://fbref.com/en/players/591bf874/Agustin-Martegani",2000-05-20,"https://www.transfermarkt.com/agustin-martegani/profil/spieler/732507","Attacking Midfield"
"Aiham Ousou",2000,"https://fbref.com/en/players/2973a975/Aiham-Ousou",2000-01-09,"https://www.transfermarkt.com/aiham-ousou/profil/spieler/585068","Centre-Back"
"Akor Adams",2000,"https://fbref.com/en/players/2ccd39ed/Akor-Adams",2000-01-29,"https://www.transfermarkt.com/akor-adams/profil/spieler/607034","Centre-Forward"
"Alaa Bellaarouch",2002,"https://fbref.com/en/players/0595569d/Alaa-Bellaarouch",2002-02-01,"https://www.transfermarkt.com/alaa-bellaarouch/profil/spieler/667991","Goalkeeper"
"Alan Matturro",2004,"https://fbref.com/en/players/547c0119/Alan-Matturro",2004-10-11,"https://www.transfermarkt.com/alan-matturro/profil/spieler/861981","Centre-Back"
"Alberto Dossena",1998,"https://fbref.com/en/players/61efb926/Alberto-Dossena",1998-10-13,"https://www.transfermarkt.com/alberto-dossena/profil/spieler/385394","Centre-Back"
"Alberto Moleiro",2003,"https://fbref.com/en/players/c2c8897d/Alberto-Moleiro",2003-09-30,"https://www.transfermarkt.com/alberto-moleiro/profil/spieler/733576","Attacking Midfield"
"Alejo Veliz",2003,"https://fbref.com/en/players/3f7bafbe/Alejo-Veliz",2003-09-19,"https://www.transfermarkt.com/alejo-veliz/profil/spieler/888493","Centre-Forward"
"Aleksandar Pavlovic",2004,"https://fbref.com/en/players/2658c82f/Aleksandar-Pavlovic",2004-05-03,"https://www.transfermarkt.com/aleksandar-pavlovic/profil/spieler/792380","Defensive Midfield"
"Alessandro Sorrentino",2002,"https://fbref.com/en/players/8ef2452a/Alessandro-Sorrentino",2002-04-03,"https://www.transfermarkt.com/alessandro-sorrentino/profil/spieler/542588","Goalkeeper"
"Alessandro Vogliacco",1998,"https://fbref.com/en/players/6841f107/Alessandro-Vogliacco",1998-09-14,"https://www.transfermarkt.com/alessandro-vogliacco/profil/spieler/330208","Centre-Back"
"Alex Suarez",1993,"https://fbref.com/en/players/9c137b36/Alex-Suarez",1993-03-18,"https://www.transfermarkt.com/alex-suarez/profil/spieler/510396","Centre-Back"
"Alexander Brunst",1995,"https://fbref.com/en/players/99219195/Alexander-Brunst",1995-07-07,"https://www.transfermarkt.com/alexander-brunst/profil/spieler/146693","Goalkeeper"
"Alfie Gilchrist",2003,"https://fbref.com/en/players/d91f104d/Alfie-Gilchrist",2003-11-28,"https://www.transfermarkt.com/alfie-gilchrist/profil/spieler/790992","Centre-Back"
"Alvaro Lemos",1993,"https://fbref.com/en/players/31d45cc8/Alvaro-Lemos",1993-03-30,"https://www.transfermarkt.com/alvaro-lemos/profil/spieler/230222","Right-Back"
"Alvaro Valles",1997,"https://fbref.com/en/players/0166a73e/Alvaro-Valles",1997-07-25,"https://www.transfermarkt.com/alvaro-valles/profil/spieler/417913","Goalkeeper"
"Amadou Kone",2005,"https://fbref.com/en/players/2eb1ec07/Amadou-Kone",2005-05-14,"https://www.transfermarkt.com/amadou-kone/profil/spieler/1178474","Attacking Midfield"
"Ameen Al-Dakhil",2002,"https://fbref.com/en/players/93e08bce/Ameen-Al-Dakhil",2002-03-06,"https://www.transfermarkt.com/ameen-al-dakhil/profil/spieler/620598","Centre-Back"
"Amir Richardson",2002,"https://fbref.com/en/players/2b7cdb79/Amir-Richardson",2002-01-24,"https://www.transfermarkt.com/amir-richardson/profil/spieler/893675","Central Midfield"
"Andreas Muller",2000,"https://fbref.com/en/players/2244908c/Andreas-Muller",2000-07-20,"https://www.transfermarkt.com/andreas-muller/profil/spieler/438315","Defensive Midfield"
"Andrej Ilic",2000,"https://fbref.com/en/players/cd2cb5bb/Andrej-Ilic",2000-04-03,"https://www.transfermarkt.com/andrej-ilic/profil/spieler/583699","Centre-Forward"
"Andrey Santos",2004,"https://fbref.com/en/players/dd745366/Andrey-Santos",2004-05-03,"https://www.transfermarkt.com/andrey-santos/profil/spieler/743600","Central Midfield"
"Andy Logbo",2004,"https://fbref.com/en/players/daa11a4f/Andy-Logbo",2004-05-06,"https://www.transfermarkt.com/andy-logbo/profil/spieler/770407","Centre-Forward"
"Anthony Oyono",2001,"https://fbref.com/en/players/68b7e72e/Anthony-Oyono",2001-04-12,"https://www.transfermarkt.com/anthony-oyono/profil/spieler/804812","Right-Back"
"Antoine Joujou",2003,"https://fbref.com/en/players/f9124307/Antoine-Joujou",2003-03-12,"https://www.transfermarkt.com/antoine-joujou/profil/spieler/1028162","Centre-Forward"
"Antoine Makoumbou",1998,"https://fbref.com/en/players/f37f3522/Antoine-Makoumbou",1998-07-18,"https://www.transfermarkt.com/antoine-makoumbou/profil/spieler/460651","Defensive Midfield"
"Antonin Cartillier",2004,"https://fbref.com/en/players/c4a71372/Antonin-Cartillier",2004-06-23,"https://www.transfermarkt.com/antonin-cartillier/profil/spieler/774772","Left-Back"
"Antonio Blanco",2000,"https://fbref.com/en/players/506daeac/Antonio-Blanco",2000-07-23,"https://www.transfermarkt.com/antonio-blanco/profil/spieler/495621","Defensive Midfield"
"Antonio Tikvic",2004,"https://fbref.com/en/players/d1ac669b/Antonio-Tikvic",2004-04-21,"https://www.transfermarkt.com/antonio-tikvic/profil/spieler/797791","Centre-Back"
"Arda Guler",2005,"https://fbref.com/en/players/3741ca58/Arda-Guler",2005-02-25,"https://www.transfermarkt.com/arda-guler/profil/spieler/861410","Attacking Midfield"
"Aron Donnum",1998,"https://fbref.com/en/players/10cff752/Aron-Donnum",1998-04-20,"https://www.transfermarkt.com/aron-donnum/profil/spieler/476836","Right Winger"
"Arouna Sangante",2002,"https://fbref.com/en/players/17bb562c/Arouna-Sangante",2002-04-12,"https://www.transfermarkt.com/arouna-sangante/profil/spieler/768380","Centre-Back"
"Arsen Zakharyan",2003,"https://fbref.com/en/players/7f14ec2a/Arsen-Zakharyan",2003-05-26,"https://www.transfermarkt.com/arsen-zakharyan/profil/spieler/555143","Attacking Midfield"
"Artem Dovbyk",1997,"https://fbref.com/en/players/5b847bb0/Artem-Dovbyk",1997-06-21,"https://www.transfermarkt.com/artem-dovbyk/profil/spieler/343537","Centre-Forward"
"Arthur Atta",2003,"https://fbref.com/en/players/d3ddf88b/Arthur-Atta",2003-01-14,"https://www.transfermarkt.com/arthur-atta/profil/spieler/855308","Defensive Midfield"
"Arthur Vermeeren",2005,"https://fbref.com/en/players/722494dc/Arthur-Vermeeren",2005-02-07,"https://www.transfermarkt.com/arthur-vermeeren/profil/spieler/926694","Central Midfield"
"Assane Diao",2005,"https://fbref.com/en/players/8ae7d0ec/Assane-Diao",2005-09-07,"https://www.transfermarkt.com/assane-diao/profil/spieler/1061282","Left Winger"
"Attila Szalai",1998,"https://fbref.com/en/players/50ff205b/Attila-Szalai",1998-01-20,"https://www.transfermarkt.com/attila-szalai/profil/spieler/263380","Centre-Back"
"Augusto Batalla",1996,"https://fbref.com/en/players/fc627681/Augusto-Batalla",1996-04-30,"https://www.transfermarkt.com/augusto-batalla/profil/spieler/275218","Goalkeeper"
"Ayanda Sishuba",2005,"https://fbref.com/en/players/6fd76804/Ayanda-Sishuba",2005-02-02,"https://www.transfermarkt.com/ayanda-sishuba/profil/spieler/977877","Attacking Midfield"
"Ayyoub Bouaddi",2007,"https://fbref.com/en/players/8006228f/Ayyoub-Bouaddi",2007-10-02,"https://www.transfermarkt.com/ayyoub-bouaddi/profil/spieler/1097139","Central Midfield"
"Bambase Conte",2003,"https://fbref.com/en/players/33b38f49/Bambase-Conte",2003-07-07,"https://www.transfermarkt.com/bambase-conte/profil/spieler/574193","Left Winger"
"Bart Verbruggen",2002,"https://fbref.com/en/players/cf134113/Bart-Verbruggen",2002-08-18,"https://www.transfermarkt.com/bart-verbruggen/profil/spieler/565093","Goalkeeper"
"Bastien Meupiyou",2006,"https://fbref.com/en/players/dcd94cdb/Bastien-Meupiyou",2006-03-19,"https://www.transfermarkt.com/bastien-meupiyou/profil/spieler/955253","Centre-Back"
"Becir Omeragic",2002,"https://fbref.com/en/players/c284d6fb/Becir-Omeragic",2002-01-20,"https://www.transfermarkt.com/becir-omeragic/profil/spieler/507344","Centre-Back"
"Benat Prados",2001,"https://fbref.com/en/players/1f60244a/Benat-Prados",2001-02-08,"https://www.transfermarkt.com/benat-prados/profil/spieler/625047","Central Midfield"
"Benedict Hollerbach",2001,"https://fbref.com/en/players/2a158218/Benedict-Hollerbach",2001-05-17,"https://www.transfermarkt.com/benedict-hollerbach/profil/spieler/453870","Centre-Forward"
"Benedikt Gimber",1997,"https://fbref.com/en/players/e5f76710/Benedikt-Gimber",1997-02-19,"https://www.transfermarkt.com/benedikt-gimber/profil/spieler/227084","Centre-Back"
"Benjamin Sesko",2003,"https://fbref.com/en/players/3260690c/Benjamin-Sesko",2003-05-31,"https://www.transfermarkt.com/benjamin-sesko/profil/spieler/627442","Centre-Forward"
"Bertug Yildirim",2002,"https://fbref.com/en/players/7410d325/Bertug-Yildirim",2002-07-12,"https://www.transfermarkt.com/bertug-yildirim/profil/spieler/672803","Centre-Forward"
"Bradley Locko",2002,"https://fbref.com/en/players/40221fa7/Bradley-Locko",2002-05-06,"https://www.transfermarkt.com/bradley-locko/profil/spieler/805908","Left-Back"
"Braydon Manu",1997,"https://fbref.com/en/players/e9a97974/Braydon-Manu",1997-03-28,"https://www.transfermarkt.com/braydon-manu/profil/spieler/231590","Centre-Forward"
"Bryan Gil",2001,"https://fbref.com/en/players/7b5ab7f2/Bryan-Gil",2001-02-11,"https://www.transfermarkt.com/bryan-gil/profil/spieler/537382","Right Winger"
"Carl Starfelt",1995,"https://fbref.com/en/players/5cfec13d/Carl-Starfelt",1995-06-01,"https://www.transfermarkt.com/carl-starfelt/profil/spieler/258987","Centre-Back"
"Carlos Augusto",1999,"https://fbref.com/en/players/8d3cd59d/Carlos-Augusto",1999-01-07,"https://www.transfermarkt.com/carlos-augusto/profil/spieler/585982","Left Midfield"
"Carlos Benavidez",1998,"https://fbref.com/en/players/9fb45456/Carlos-Benavidez",1998-03-30,"https://www.transfermarkt.com/carlos-benavidez/profil/spieler/431190","Defensive Midfield"
"Carlos Dotor",2001,"https://fbref.com/en/players/daa2eab3/Carlos-Dotor",2001-03-15,"https://www.transfermarkt.com/carlos-dotor/profil/spieler/623524","Central Midfield"
"Carlos Romero",2001,"https://fbref.com/en/players/23cbf863/Carlos-Romero",2001-10-29,"https://www.transfermarkt.com/carlos-romero/profil/spieler/709372","Left-Back"
"Carlos Vicente",1999,"https://fbref.com/en/players/90df343e/Carlos-Vicente",1999-04-23,"https://www.transfermarkt.com/carlos-vicente/profil/spieler/540536","Right Winger"
"Cedric Zesiger",1998,"https://fbref.com/en/players/2bab583c/Cedric-Zesiger",1998-06-24,"https://www.transfermarkt.com/cedric-zesiger/profil/spieler/382478","Centre-Back"
"Cesare Casadei",2003,"https://fbref.com/en/players/fb920f3a/Cesare-Casadei",2003-01-10,"https://www.transfermarkt.com/cesare-casadei/profil/spieler/622380","Central Midfield"
"Charlys",2004,"https://fbref.com/en/players/eff9c9ea/Charlys",2004-02-19,"https://www.transfermarkt.com/charlys/profil/spieler/1082519","Defensive Midfield"
"Cheick Oumar Konate",2004,"https://fbref.com/en/players/6ce2cdf0/Cheick-Oumar-Konate",2004-04-02,"https://www.transfermarkt.com/cheick-oumar-konate/profil/spieler/1108145","Right-Back"
"Chris Bedia",1996,"https://fbref.com/en/players/ec11ecf8/Chris-Bedia",1996-03-05,"https://www.transfermarkt.com/chris-bedia/profil/spieler/294791","Centre-Forward"
"Christoph Klarer",2000,"https://fbref.com/en/players/144e8717/Christoph-Klarer",2000-06-14,"https://www.transfermarkt.com/christoph-klarer/profil/spieler/346849","Centre-Back"
"Christopher Operi",1997,"https://fbref.com/en/players/914bb955/Christopher-Operi",1997-04-29,"https://www.transfermarkt.com/christopher-operi/profil/spieler/469976","Left-Back"
"Christos Mandas",2001,"https://fbref.com/en/players/f794e9ab/Christos-Mandas",2001-09-17,"https://www.transfermarkt.com/christos-mandas/profil/spieler/481675","Goalkeeper"
"Chukwubuikem Ikwuemesi",2001,"https://fbref.com/en/players/c6db4f29/Chukwubuikem-Ikwuemesi",2001-08-05,"https://www.transfermarkt.com/chukwubuikem-ikwuemesi/profil/spieler/929494","Centre-Forward"
"Clemens Riedel",2003,"https://fbref.com/en/players/77cfae67/Clemens-Riedel",2003-07-19,"https://www.transfermarkt.com/clemens-riedel/profil/spieler/692070","Centre-Back"
"Clinton Mata",1992,"https://fbref.com/en/players/55abe554/Clinton-Mata",1992-11-07,"https://www.transfermarkt.com/clinton-mata/profil/spieler/187718","Right-Back"
"Cristian Herrera",1991,"https://fbref.com/en/players/f814e5d3/Cristian-Herrera",1991-03-13,"https://www.transfermarkt.com/cristian-herrera/profil/spieler/237617","Centre-Forward"
"Daiki Hashioka",1999,"https://fbref.com/en/players/10cb48b7/Daiki-Hashioka",1999-05-17,"https://www.transfermarkt.com/daiki-hashioka/profil/spieler/387191","Right-Back"
"Daler Kuzyaev",1993,"https://fbref.com/en/players/d4e93bab/Daler-Kuzyaev",1993-01-15,"https://www.transfermarkt.com/daler-kuzyaev/profil/spieler/279570","Central Midfield"
"Damion Downs",2004,"https://fbref.com/en/players/640134d6/Damion-Downs",2004-07-06,"https://www.transfermarkt.com/damion-downs/profil/spieler/820241","Centre-Forward"
"Daniel Batz",1991,"https://fbref.com/en/players/ec759ba1/Daniel-Batz",1991-01-12,"https://www.transfermarkt.com/daniel-batz/profil/spieler/90317","Goalkeeper"
"Daniel Boloca",1998,"https://fbref.com/en/players/85f7ed25/Daniel-Boloca",1998-12-22,"https://www.transfermarkt.com/daniel-boloca/profil/spieler/441515","Defensive Midfield"
"Daniel Munoz",1996,"https://fbref.com/en/players/778ef829/Daniel-Munoz",1996-05-26,"https://www.transfermarkt.com/daniel-munoz/profil/spieler/493003","Right-Back"
"David Datro Fofana",2002,"https://fbref.com/en/players/e82900ef/David-Datro-Fofana",2002-12-22,"https://www.transfermarkt.com/david-datro-fofana/profil/spieler/787232","Centre-Forward"
"David Jurasek",2000,"https://fbref.com/en/players/d7a03bf3/David-Jurasek",2000-08-07,"https://www.transfermarkt.com/david-jurasek/profil/spieler/500054","Left-Back"
"David Mamutovic",2000,"https://fbref.com/en/players/7c24eaf8/David-Mamutovic",2000-12-05,"https://www.transfermarkt.com/david-mamutovic/profil/spieler/361508","Right Winger"
"Dean Huijsen",2005,"https://fbref.com/en/players/87278bce/Dean-Huijsen",2005-04-14,"https://www.transfermarkt.com/dean-huijsen/profil/spieler/890290","Centre-Back"
"Deivid Washington",2005,"https://fbref.com/en/players/95bd120d/Deivid-Washington",2005-06-05,"https://www.transfermarkt.com/deivid-washington/profil/spieler/1082850","Centre-Forward"
"Denis Thomalla",1992,"https://fbref.com/en/players/b9ac6e0e/Denis-Thomalla",1992-08-16,"https://www.transfermarkt.com/denis-thomalla/profil/spieler/94030","Attacking Midfield"
"Destiny Udogie",2002,"https://fbref.com/en/players/7cd520e8/Destiny-Udogie",2002-11-28,"https://www.transfermarkt.com/destiny-udogie/profil/spieler/556385","Left-Back"
"Diego Lopez",2002,"https://fbref.com/en/players/c487901c/Diego-Lopez",2002-05-13,"https://www.transfermarkt.com/diego-lopez/profil/spieler/617081","Left Winger"
"Donyell Malen",1999,"https://fbref.com/en/players/116c35df/Donyell-Malen",1999-01-19,"https://www.transfermarkt.com/donyell-malen/profil/spieler/326029","Right Winger"
"Dzenan Pejcinovic",2005,"https://fbref.com/en/players/80f252f6/Dzenan-Pejcinovic",2005-02-15,"https://www.transfermarkt.com/dzenan-pejcinovic/profil/spieler/819636","Centre-Forward"
"Eli Junior Kroupi",2006,"https://fbref.com/en/players/b2fe86e5/Eli-Junior-Kroupi",2006-06-23,"https://www.transfermarkt.com/eli-junior-kroupi/profil/spieler/955357","Attacking Midfield"
"Elias Baum",2005,"https://fbref.com/en/players/54d2b378/Elias-Baum",2005-10-26,"https://www.transfermarkt.com/elias-baum/profil/spieler/744857","Right-Back"
"Elye Wahi",2003,"https://fbref.com/en/players/0d7b6576/Elye-Wahi",2003-01-02,"https://www.transfermarkt.com/elye-wahi/profil/spieler/659542","Centre-Forward"
"Emir Karic",1997,"https://fbref.com/en/players/7bbb0ac4/Emir-Karic",1997-06-09,"https://www.transfermarkt.com/emir-karic/profil/spieler/286596","Left-Back"
"Emmanuel Sabbi",1997,"https://fbref.com/en/players/2e1b7c83/Emmanuel-Sabbi",1997-12-24,"https://www.transfermarkt.com/emmanuel-sabbi/profil/spieler/381187","Right Winger"
"Emran Soglo",2005,"https://fbref.com/en/players/47f82561/Emran-Soglo",2005-07-11,"https://www.transfermarkt.com/emran-soglo/profil/spieler/913495","Left Midfield"
"Eric Curbelo",1994,"https://fbref.com/en/players/34e39a18/Eric-Curbelo",1994-01-14,"https://www.transfermarkt.com/eric-curbelo/profil/spieler/390823","Centre-Back"
"Ernest Nuamah",2003,"https://fbref.com/en/players/234a703c/Ernest-Nuamah",2003-11-01,"https://www.transfermarkt.com/ernest-nuamah/profil/spieler/955070","Right Winger"
"Ethan Mbappe",2006,"https://fbref.com/en/players/d595de71/Ethan-Mbappe",2006-12-29,"https://www.transfermarkt.com/ethan-mbappe/profil/spieler/903666","Central Midfield"
"Etienne Youte Kinkoue",2002,"https://fbref.com/en/players/12a4e38c/Etienne-Youte-Kinkoue",2002-01-14,"https://www.transfermarkt.com/etienne-youte-kinkoue/profil/spieler/639712","Centre-Back"
"Fabian Holland",1990,"https://fbref.com/en/players/017018d1/Fabian-Holland",1990-07-11,"https://www.transfermarkt.com/fabian-holland/profil/spieler/54846","Left-Back"
"Fabian Nurnberger",1999,"https://fbref.com/en/players/178018f9/Fabian-Nurnberger",1999-07-28,"https://www.transfermarkt.com/fabian-nurnberger/profil/spieler/349433","Central Midfield"
"Fabian Rieder",2002,"https://fbref.com/en/players/c2bd8585/Fabian-Rieder",2002-02-16,"https://www.transfermarkt.com/fabian-rieder/profil/spieler/507341","Attacking Midfield"
"Fabian Schnellhardt",1994,"https://fbref.com/en/players/8575037f/Fabian-Schnellhardt",1994-01-12,"https://www.transfermarkt.com/fabian-schnellhardt/profil/spieler/94148","Central Midfield"
"Fabio Torsiello",2005,"https://fbref.com/en/players/9b5d89b3/Fabio-Torsiello",2005-02-02,"https://www.transfermarkt.com/fabio-torsiello/profil/spieler/917015","Centre-Forward"
"Fares Ghedjemis",2002,"https://fbref.com/en/players/14aac43e/Fares-Ghedjemis",2002-09-06,"https://www.transfermarkt.com/fares-ghedjemis/profil/spieler/888738","Right Winger"
"Fermin Lopez",2003,"https://fbref.com/en/players/c1fe5f0b/Fermin-Lopez",2003-05-11,"https://www.transfermarkt.com/fermin-lopez/profil/spieler/636703","Central Midfield"
"Florian Pick",1995,"https://fbref.com/en/players/00e36323/Florian-Pick",1995-09-08,"https://www.transfermarkt.com/florian-pick/profil/spieler/191359","Left Winger"
"Formose Mendy",2001,"https://fbref.com/en/players/c21983bf/Formose-Mendy",2001-01-02,"https://www.transfermarkt.com/formose-mendy/profil/spieler/649023","Centre-Back"
"Fran Garcia",1999,"https://fbref.com/en/players/7226539b/Fran-Garcia",1999-08-14,"https://www.transfermarkt.com/fran-garcia/profil/spieler/341264","Left-Back"
"Francesco Gelli",1996,"https://fbref.com/en/players/986693ed/Francesco-Gelli",1996-10-15,"https://www.transfermarkt.com/francesco-gelli/profil/spieler/337811","Attacking Midfield"
"Frank Magri",1999,"https://fbref.com/en/players/42fdb11d/Frank-Magri",1999-09-04,"https://www.transfermarkt.com/frank-magri/profil/spieler/807689","Centre-Forward"
"Gabriel Martinelli",2001,"https://fbref.com/en/players/48a5a5d6/Gabriel-Martinelli",2001-06-18,"https://www.transfermarkt.com/gabriel-martinelli/profil/spieler/655488","Left Winger"
"Gift Orban",2002,"https://fbref.com/en/players/de17db90/Gift-Orban",2002-07-17,"https://www.transfermarkt.com/gift-orban/profil/spieler/1018259","Centre-Forward"
"Gino Infantino",2003,"https://fbref.com/en/players/546c7f68/Gino-Infantino",2003-05-19,"https://www.transfermarkt.com/gino-infantino/profil/spieler/831162","Central Midfield"
"Giorgi Kvernadze",2003,"https://fbref.com/en/players/70006831/Giorgi-Kvernadze",2003-02-07,"https://www.transfermarkt.com/giorgi-kvernadze/profil/spieler/412758","Left Winger"
"Giovanni Bonfanti",2003,"https://fbref.com/en/players/938d8a55/Giovanni-Bonfanti",2003-01-17,"https://www.transfermarkt.com/giovanni-bonfanti/profil/spieler/663900","Centre-Back"
"Giovanni Fabbian",2003,"https://fbref.com/en/players/f97f9188/Giovanni-Fabbian",2003-01-14,"https://www.transfermarkt.com/giovanni-fabbian/profil/spieler/633668","Central Midfield"
"Guillaume Restes",2005,"https://fbref.com/en/players/6b91b999/Guillaume-Restes",2005-03-11,"https://www.transfermarkt.com/guillaume-restes/profil/spieler/912902","Goalkeeper"
"Gustav Isaksen",2001,"https://fbref.com/en/players/5715bb71/Gustav-Isaksen",2001-04-19,"https://www.transfermarkt.com/gustav-isaksen/profil/spieler/462823","Right Winger"
"Gustavo Puerta",2003,"https://fbref.com/en/players/2c08cab0/Gustavo-Puerta",2003-07-23,"https://www.transfermarkt.com/gustavo-puerta/profil/spieler/936981","Central Midfield"
"Habib Diarra",2004,"https://fbref.com/en/players/6d0fe035/Habib-Diarra",2004-01-03,"https://www.transfermarkt.com/habib-diarra/profil/spieler/876631","Attacking Midfield"
"Hakon Arnar Haraldsson",2003,"https://fbref.com/en/players/e2ae54db/Hakon-Arnar-Haraldsson",2003-04-10,"https://www.transfermarkt.com/hakon-arnar-haraldsson/profil/spieler/652275","Left Winger"
"Harvey Elliott",2003,"https://fbref.com/en/players/b9e1436c/Harvey-Elliott",2003-04-04,"https://www.transfermarkt.com/harvey-elliott/profil/spieler/565822","Attacking Midfield"
"Hector Fort",2006,"https://fbref.com/en/players/2e31f3a6/Hector-Fort",2006-08-02,"https://www.transfermarkt.com/hector-fort/profil/spieler/937955","Right-Back"
"Hjalmar Ekdal",1998,"https://fbref.com/en/players/3d554589/Hjalmar-Ekdal",1998-10-21,"https://www.transfermarkt.com/hjalmar-ekdal/profil/spieler/392179","Centre-Back"
"Hugo Larsson",2004,"https://fbref.com/en/players/00c9a283/Hugo-Larsson",2004-06-27,"https://www.transfermarkt.com/hugo-larsson/profil/spieler/931838","Central Midfield"
"Ibou Sane",2005,"https://fbref.com/en/players/22d90df9/Ibou-Sane",2005-03-28,"https://www.transfermarkt.com/ibou-sane/profil/spieler/1111776","Centre-Forward"
"Ignacio Miramon",2003,"https://fbref.com/en/players/e43a4083/Ignacio-Miramon",2003-06-12,"https://www.transfermarkt.com/ignacio-miramon/profil/spieler/836518","Defensive Midfield"
"Isak Hansen-Aaroen",2004,"https://fbref.com/en/players/4f96ed39/Isak-Hansen-Aaroen",2004-08-22,"https://www.transfermarkt.com/isak-hansen-aaroen/profil/spieler/670116","Attacking Midfield"
"Jack Hinshelwood",2005,"https://fbref.com/en/players/e98211e7/Jack-Hinshelwood",2005-04-11,"https://www.transfermarkt.com/jack-hinshelwood/profil/spieler/867688","Defensive Midfield"
"Jackson Tchatchoua",2001,"https://fbref.com/en/players/aeca7743/Jackson-Tchatchoua",2001-09-14,"https://www.transfermarkt.com/jackson-tchatchoua/profil/spieler/848509","Right-Back"
"Jacob Christensen",2001,"https://fbref.com/en/players/324ff0da/Jacob-Christensen",2001-06-25,"https://www.transfermarkt.com/jacob-christensen/profil/spieler/515017","Defensive Midfield"
"Jan Schoppner",1999,"https://fbref.com/en/players/932bfcac/Jan-Schoppner",1999-06-12,"https://www.transfermarkt.com/jan-schoppner/profil/spieler/581357","Central Midfield"
"Jannik Muller",1994,"https://fbref.com/en/players/796a5f30/Jannik-Muller",1994-01-18,"https://www.transfermarkt.com/jannik-muller/profil/spieler/119286","Centre-Back"
"Jarell Quansah",2003,"https://fbref.com/en/players/4125cb98/Jarell-Quansah",2003-01-29,"https://www.transfermarkt.com/jarell-quansah/profil/spieler/632349","Centre-Back"
"Javi Hernandez",1998,"https://fbref.com/en/players/9a76c2e9/Javi-Hernandez",1998-05-02,"https://www.transfermarkt.com/javi-hernandez/profil/spieler/422466","Left-Back"
"Jeppe Corfitzen",2004,"https://fbref.com/en/players/3f7e5a98/Jeppe-Corfitzen",2004-12-29,"https://www.transfermarkt.com/jeppe-corfitzen/profil/spieler/709985","Right Winger"
"Jeremy Jacquet",2005,"https://fbref.com/en/players/cef70c94/Jeremy-Jacquet",2005-07-13,"https://www.transfermarkt.com/jeremy-jacquet/profil/spieler/1004301","Centre-Back"
"Jhoanner Chavez",2002,"https://fbref.com/en/players/649b57e9/Jhoanner-Chavez",2002-04-25,"https://www.transfermarkt.com/jhoanner-chavez/profil/spieler/713787","Left-Back"
"Jhon Solis",2004,"https://fbref.com/en/players/1282939a/Jhon-Solis",2004-10-03,"https://www.transfermarkt.com/jhon-solis/profil/spieler/742521","Central Midfield"
"Jon Aramburu",2002,"https://fbref.com/en/players/dc7a172e/Jon-Aramburu",2002-07-23,"https://www.transfermarkt.com/jon-aramburu/profil/spieler/661145","Right-Back"
"Jonas Fohrenbach",1996,"https://fbref.com/en/players/1b4be8eb/Jonas-Fohrenbach",1996-01-26,"https://www.transfermarkt.com/jonas-fohrenbach/profil/spieler/192169","Left-Back"
"Jordan Beyer",2000,"https://fbref.com/en/players/9af1f9ff/Jordan-Beyer",2000-05-19,"https://www.transfermarkt.com/jordan-beyer/profil/spieler/403898","Centre-Back"
"Jordy Makengo",2001,"https://fbref.com/en/players/14b09c41/Jordy-Makengo",2001-08-03,"https://www.transfermarkt.com/jordy-makengo/profil/spieler/815078","Left-Back"
"Joseph Nduquidi",2004,"https://fbref.com/en/players/f365b837/Joseph-Nduquidi",2004-10-25,"https://www.transfermarkt.com/joseph-nduquidi/profil/spieler/919620","Central Midfield"
"Joseph Okumu",1997,"https://fbref.com/en/players/039f1983/Joseph-Okumu",1997-05-26,"https://www.transfermarkt.com/joseph-okumu/profil/spieler/453376","Centre-Back"
"Josue Casimir",2001,"https://fbref.com/en/players/481f76cf/Josue-Casimir",2001-09-24,"https://www.transfermarkt.com/josue-casimir/profil/spieler/763182","Right Winger"
"Juanlu Sanchez",2003,"https://fbref.com/en/players/cc6de655/Juanlu-Sanchez",2003-08-15,"https://www.transfermarkt.com/juanlu-sanchez/profil/spieler/676042","Right-Back"
"Juanmi Latasa",2001,"https://fbref.com/en/players/2bea832e/Juanmi-Latasa",2001-03-23,"https://www.transfermarkt.com/juanmi-latasa/profil/spieler/623521","Centre-Forward"
"Julian Malatini",2001,"https://fbref.com/en/players/8b84b707/Julian-Malatini",2001-05-31,"https://www.transfermarkt.com/julian-malatini/profil/spieler/830108","Centre-Back"
"Julien Duranville",2006,"https://fbref.com/en/players/b06a7ae9/Julien-Duranville",2006-05-05,"https://www.transfermarkt.com/julien-duranville/profil/spieler/819215","Right Winger"
"Julio Enciso",2004,"https://fbref.com/en/players/9cfbad36/Julio-Enciso",2004-01-23,"https://www.transfermarkt.com/julio-enciso/profil/spieler/660867","Attacking Midfield"
"Junior Adamu",2001,"https://fbref.com/en/players/82e12fe7/Junior-Adamu",2001-06-06,"https://www.transfermarkt.com/junior-adamu/profil/spieler/452477","Centre-Forward"
"Junior Mwanga",2003,"https://fbref.com/en/players/ee158be5/Junior-Mwanga",2003-05-11,"https://www.transfermarkt.com/junior-mwanga/profil/spieler/1011200","Defensive Midfield"
"Kamil Piatkowski",2000,"https://fbref.com/en/players/2cf496fb/Kamil-Piatkowski",2000-06-21,"https://www.transfermarkt.com/kamil-piatkowski/profil/spieler/345449","Centre-Back"
"Kassoum Ouattara",2004,"https://fbref.com/en/players/6620c21a/Kassoum-Ouattara",2004-10-14,"https://www.transfermarkt.com/kassoum-ouattara/profil/spieler/947360","Left-Back"
"Kenan Yildiz",2005,"https://fbref.com/en/players/d8cda243/Kenan-Yildiz",2005-05-04,"https://www.transfermarkt.com/kenan-yildiz/profil/spieler/845654","Second Striker"
"Kevin Muller",1991,"https://fbref.com/en/players/f256f213/Kevin-Muller",1991-03-15,"https://www.transfermarkt.com/kevin-muller/profil/spieler/43824","Goalkeeper"
"Kevin Sessa",2000,"https://fbref.com/en/players/fd82af8c/Kevin-Sessa",2000-07-06,"https://www.transfermarkt.com/kevin-sessa/profil/spieler/448028","Central Midfield"
"Kevin Van Den Kerkhof",1996,"https://fbref.com/en/players/f6a3c84d/Kevin-Van-Den-Kerkhof",1996-03-14,"https://www.transfermarkt.com/kevin-van-den-kerkhof/profil/spieler/400680","Right-Back"
"Khephren Thuram",2001,"https://fbref.com/en/players/7d9397f8/Khephren-Thuram",2001-03-26,"https://www.transfermarkt.com/khephren-thuram/profil/spieler/463618","Central Midfield"
"Kike Salas",2002,"https://fbref.com/en/players/0a69de7b/Kike-Salas",2002-04-23,"https://www.transfermarkt.com/kike-salas/profil/spieler/766583","Centre-Back"
"Kirian Rodriguez",1996,"https://fbref.com/en/players/9b130479/Kirian-Rodriguez",1996-03-05,"https://www.transfermarkt.com/kirian-rodriguez/profil/spieler/566574","Attacking Midfield"
"Kofi Amoako",2005,"https://fbref.com/en/players/b8e17ca3/Kofi-Amoako",2005-05-06,"https://www.transfermarkt.com/kofi-amoako/profil/spieler/814950","Defensive Midfield"
"Lamine Camara",2004,"https://fbref.com/en/players/19c2ffa4/Lamine-Camara",2004-01-01,"https://www.transfermarkt.com/lamine-camara/profil/spieler/918969","Central Midfield"
"Leon Opitz",2005,"https://fbref.com/en/players/319fa018/Leon-Opitz",2005-04-11,"https://www.transfermarkt.com/leon-opitz/profil/spieler/825073","Left Midfield"
"Leonidas Stergiou",2002,"https://fbref.com/en/players/08391d76/Leonidas-Stergiou",2002-03-03,"https://www.transfermarkt.com/leonidas-stergiou/profil/spieler/507345","Centre-Back"
"Lesley Ugochukwu",2004,"https://fbref.com/en/players/1df4a109/Lesley-Ugochukwu",2004-03-26,"https://www.transfermarkt.com/lesley-ugochukwu/profil/spieler/711999","Defensive Midfield"
"Lewis Miley",2006,"https://fbref.com/en/players/2c6835e5/Lewis-Miley",2006-05-01,"https://www.transfermarkt.com/lewis-miley/profil/spieler/922769","Central Midfield"
"Loic Nego",1991,"https://fbref.com/en/players/c3b6fa1e/Loic-Nego",1991-01-15,"https://www.transfermarkt.com/loic-nego/profil/spieler/122840","Right-Back"
"Luca Lipani",2005,"https://fbref.com/en/players/1dc5a029/Luca-Lipani",2005-05-18,"https://www.transfermarkt.com/luca-lipani/profil/spieler/724106","Defensive Midfield"
"Luca Raimund",2005,"https://fbref.com/en/players/df1665d7/Luca-Raimund",2005-04-09,"https://www.transfermarkt.com/luca-raimund/profil/spieler/907489","Right Winger"
"Lucas Beltran",2001,"https://fbref.com/en/players/482d2bc3/Lucas-Beltran",2001-03-29,"https://www.transfermarkt.com/lucas-beltran/profil/spieler/628366","Centre-Forward"
"Lucas Mincarelli",2004,"https://fbref.com/en/players/02b3733e/Lucas-Mincarelli",2004-01-05,"https://www.transfermarkt.com/lucas-mincarelli/profil/spieler/982393","Left-Back"
"Lukas Daschner",1998,"https://fbref.com/en/players/93a8c4f9/Lukas-Daschner",1998-10-01,"https://www.transfermarkt.com/lukas-daschner/profil/spieler/334213","Attacking Midfield"
"Lukas Ullrich",2004,"https://fbref.com/en/players/d646c218/Lukas-Ullrich",2004-03-16,"https://www.transfermarkt.com/lukas-ullrich/profil/spieler/787151","Left-Back"
"Mahamadou Diawara",2005,"https://fbref.com/en/players/1906b842/Mahamadou-Diawara",2005-02-17,"https://www.transfermarkt.com/mahamadou-diawara/profil/spieler/1053147","Central Midfield"
"Mahamadou Nagida",2005,"https://fbref.com/en/players/8bfbf257/Mahamadou-Nagida",2005-06-28,"https://www.transfermarkt.com/mahamadou-nagida/profil/spieler/1176345","Left-Back"
"Malick Fofana",2005,"https://fbref.com/en/players/8236f673/Malick-Fofana",2005-03-31,"https://www.transfermarkt.com/malick-fofana/profil/spieler/743386","Left Midfield"
"Malick Mbaye",2004,"https://fbref.com/en/players/6d2b0ada/Malick-Mbaye",2004-04-06,"https://www.transfermarkt.com/malick-mbaye/profil/spieler/707063","Right Winger"
"Mamadou Diakhon",2005,"https://fbref.com/en/players/331c5a98/Mamadou-Diakhon",2005-09-22,"https://www.transfermarkt.com/mamadou-diakhon/profil/spieler/1054839","Left Winger"
"Manu Sanchez",2000,"https://fbref.com/en/players/ffacd3d5/Manu-Sanchez",2000-08-24,"https://www.transfermarkt.com/manu-sanchez/profil/spieler/618809","Left-Back"
"Marc Guiu",2006,"https://fbref.com/en/players/d3d774cc/Marc-Guiu",2006-01-04,"https://www.transfermarkt.com/marc-guiu/profil/spieler/938158","Centre-Forward"
"Marcel Schuhen",1993,"https://fbref.com/en/players/5fa2e0cf/Marcel-Schuhen",1993-01-13,"https://www.transfermarkt.com/marcel-schuhen/profil/spieler/93651","Goalkeeper"
"Marnon Busch",1994,"https://fbref.com/en/players/c38767ab/Marnon-Busch",1994-12-08,"https://www.transfermarkt.com/marnon-busch/profil/spieler/117478","Right-Back"
"Marvin Cuni",2001,"https://fbref.com/en/players/1d45fd81/Marvin-Cuni",2001-07-10,"https://www.transfermarkt.com/marvin-cuni/profil/spieler/453864","Centre-Forward"
"Marvin Mehlem",1997,"https://fbref.com/en/players/10876d02/Marvin-Mehlem",1997-09-11,"https://www.transfermarkt.com/marvin-mehlem/profil/spieler/237226","Attacking Midfield"
"Marvin Pieringer",1999,"https://fbref.com/en/players/11407d95/Marvin-Pieringer",1999-10-04,"https://www.transfermarkt.com/marvin-pieringer/profil/spieler/471055","Centre-Forward"
"Matej Kovar",2000,"https://fbref.com/en/players/bc67a0e1/Matej-Kovar",2000-05-17,"https://www.transfermarkt.com/matej-kovar/profil/spieler/550829","Goalkeeper"
"Mateo Retegui",1999,"https://fbref.com/en/players/e7695e6c/Mateo-Retegui",1999-04-29,"https://www.transfermarkt.com/mateo-retegui/profil/spieler/554903","Centre-Forward"
"Mateus Lusuardi",2004,"https://fbref.com/en/players/0704d719/Mateus-Lusuardi",2004-01-08,"https://www.transfermarkt.com/mateus-lusuardi/profil/spieler/1159022","Centre-Back"
"Mateusz Legowski",2003,"https://fbref.com/en/players/75c62731/Mateusz-Legowski",2003-01-29,"https://www.transfermarkt.com/mateusz-legowski/profil/spieler/570466","Defensive Midfield"
"Mathias Honsak",1996,"https://fbref.com/en/players/3dbdbb6a/Mathias-Honsak",1996-12-20,"https://www.transfermarkt.com/mathias-honsak/profil/spieler/283497","Left Winger"
"Mathis Lambourde",2006,"https://fbref.com/en/players/0da3d7ab/Mathis-Lambourde",2006-01-09,"https://www.transfermarkt.com/mathis-lambourde/profil/spieler/979766","Centre-Forward"
"Matteo Prati",2003,"https://fbref.com/en/players/d8363914/Matteo-Prati",2003-12-28,"https://www.transfermarkt.com/matteo-prati/profil/spieler/876298","Defensive Midfield"
"Max Finkgrafe",2004,"https://fbref.com/en/players/7ebd0896/Max-Finkgrafe",2004-03-27,"https://www.transfermarkt.com/max-finkgrafe/profil/spieler/810649","Left-Back"
"Medon Berisha",2003,"https://fbref.com/en/players/9d376bef/Medon-Berisha",2003-10-21,"https://www.transfermarkt.com/medon-berisha/profil/spieler/583046","Central Midfield"
"Michael Folorunsho",1998,"https://fbref.com/en/players/c391a179/Michael-Folorunsho",1998-02-07,"https://www.transfermarkt.com/michael-folorunsho/profil/spieler/377042","Central Midfield"
"Michael Kayode",2004,"https://fbref.com/en/players/e19660a8/Michael-Kayode",2004-07-10,"https://www.transfermarkt.com/michael-kayode/profil/spieler/823486","Right-Back"
"Micky van de Ven",2001,"https://fbref.com/en/players/8fe2a392/Micky-van-de-Ven",2001-04-19,"https://www.transfermarkt.com/micky-van-de-ven/profil/spieler/557459","Centre-Back"
"Mike Tresor",1999,"https://fbref.com/en/players/b2a81fc6/Mike-Tresor",1999-05-28,"https://www.transfermarkt.com/mike-tresor/profil/spieler/381963","Left Winger"
"Mikel Jauregizar",2003,"https://fbref.com/en/players/2f5c78ca/Mikel-Jauregizar",2003-11-13,"https://www.transfermarkt.com/mikel-jauregizar/profil/spieler/938729","Central Midfield"
"Mikkel Kaufmann",2001,"https://fbref.com/en/players/6e269dd3/Mikkel-Kaufmann",2001-01-03,"https://www.transfermarkt.com/mikkel-kaufmann/profil/spieler/545332","Centre-Forward"
"Mohamed Kaba",2001,"https://fbref.com/en/players/517cfb19/Mohamed-Kaba",2001-10-27,"https://www.transfermarkt.com/mohamed-kaba/profil/spieler/911328","Central Midfield"
"Morgan Guilavogui",1998,"https://fbref.com/en/players/79b51257/Morgan-Guilavogui",1998-03-10,"https://www.transfermarkt.com/morgan-guilavogui/profil/spieler/691786","Right Winger"
"Moritz-Broni Kwarteng",1998,"https://fbref.com/en/players/1e2057aa/Moritz-Broni-Kwarteng",1998-04-28,"https://www.transfermarkt.com/moritz-broni-kwarteng/profil/spieler/316575","Attacking Midfield"
"Muhammed Cham",2000,"https://fbref.com/en/players/f527a32c/Muhammed-Cham",2000-09-26,"https://www.transfermarkt.com/muhammed-cham/profil/spieler/422281","Attacking Midfield"
"Murillo",2002,"https://fbref.com/en/players/1704b0b8/Murillo",2002-07-04,"https://www.transfermarkt.com/murillo/profil/spieler/1005649","Centre-Back"
"Nacho Ferri",2004,"https://fbref.com/en/players/58468842/Nacho-Ferri",2004-10-05,"https://www.transfermarkt.com/nacho-ferri/profil/spieler/867357","Centre-Forward"
"Nathan Fraser",2005,"https://fbref.com/en/players/00b77ecf/Nathan-Fraser",2005-02-22,"https://www.transfermarkt.com/nathan-fraser/profil/spieler/863741","Centre-Forward"
"Nathaniel Adjei",2002,"https://fbref.com/en/players/c55de1f5/Nathaniel-Adjei",2002-08-21,"https://www.transfermarkt.com/nathaniel-adjei/profil/spieler/646829","Centre-Back"
"Neil El Aynaoui",2001,"https://fbref.com/en/players/17e1261b/Neil-El-Aynaoui",2001-07-02,"https://www.transfermarkt.com/neil-el-aynaoui/profil/spieler/901019","Central Midfield"
"Niccolo Pierozzi",2001,"https://fbref.com/en/players/3649ece2/Niccolo-Pierozzi",2001-09-12,"https://www.transfermarkt.com/niccolo-pierozzi/profil/spieler/534084","Right-Back"
"Nicola Leali",1993,"https://fbref.com/en/players/5f9970a0/Nicola-Leali",1993-02-17,"https://www.transfermarkt.com/nicola-leali/profil/spieler/136111","Goalkeeper"
"Nicolas Seiwald",2001,"https://fbref.com/en/players/28c6e925/Nicolas-Seiwald",2001-05-04,"https://www.transfermarkt.com/nicolas-seiwald/profil/spieler/404950","Central Midfield"
"Nikola Dovedan",1994,"https://fbref.com/en/players/57d9f511/Nikola-Dovedan",1994-07-06,"https://www.transfermarkt.com/nikola-dovedan/profil/spieler/120189","Second Striker"
"Nikola Krstovic",2000,"https://fbref.com/en/players/473803c9/Nikola-Krstovic",2000-04-05,"https://www.transfermarkt.com/nikola-krstovic/profil/spieler/434433","Centre-Forward"
"Noah Loosli",1997,"https://fbref.com/en/players/5dbfd101/Noah-Loosli",1997-01-23,"https://www.transfermarkt.com/noah-loosli/profil/spieler/265209","Centre-Back"
"Noah Mbamba",2005,"https://fbref.com/en/players/e75129bd/Noah-Mbamba",2005-01-05,"https://www.transfermarkt.com/noah-mbamba/profil/spieler/743395","Defensive Midfield"
"Noah Okafor",2000,"https://fbref.com/en/players/ca607d59/Noah-Okafor",2000-05-24,"https://www.transfermarkt.com/noah-okafor/profil/spieler/346890","Centre-Forward"
"Norman Theuerkauf",1987,"https://fbref.com/en/players/0cbf4c54/Norman-Theuerkauf",1987-01-24,"https://www.transfermarkt.com/norman-theuerkauf/profil/spieler/31599","Left-Back"
"Ole Pohlmann",2001,"https://fbref.com/en/players/822b83e8/Ole-Pohlmann",2001-04-05,"https://www.transfermarkt.com/ole-pohlmann/profil/spieler/405690","Central Midfield"
"Olivier Deman",2000,"https://fbref.com/en/players/13210854/Olivier-Deman",2000-04-06,"https://www.transfermarkt.com/olivier-deman/profil/spieler/621802","Left Midfield"
"Omar Traore",1998,"https://fbref.com/en/players/f44e8a73/Omar-Traore",1998-02-04,"https://www.transfermarkt.com/omar-traore/profil/spieler/388294","Right-Back"
"Oscar Bobb",2003,"https://fbref.com/en/players/eed2427e/Oscar-Bobb",2003-07-12,"https://www.transfermarkt.com/oscar-bobb/profil/spieler/661207","Right Winger"
"Oscar Vilhelmsson",2003,"https://fbref.com/en/players/e7f4869a/Oscar-Vilhelmsson",2003-10-02,"https://www.transfermarkt.com/oscar-vilhelmsson/profil/spieler/673071","Centre-Forward"
"Oumar Diakite",2003,"https://fbref.com/en/players/44435c8f/Oumar-Diakite",2003-12-20,"https://www.transfermarkt.com/oumar-diakite/profil/spieler/847279","Centre-Forward"
"Oussama El Azzouzi",2001,"https://fbref.com/en/players/85f476cc/Oussama-El-Azzouzi",2001-05-29,"https://www.transfermarkt.com/oussama-el-azzouzi/profil/spieler/531065","Defensive Midfield"
"Panos Katseris",2001,"https://fbref.com/en/players/c1597cf7/Panos-Katseris",2001-07-05,"https://www.transfermarkt.com/panos-katseris/profil/spieler/816308","Right-Back"
"Papa Amadou Diallo",2004,"https://fbref.com/en/players/d638ab17/Papa-Amadou-Diallo",2004-06-25,"https://www.transfermarkt.com/papa-amadou-diallo/profil/spieler/1099726","Left Winger"
"Patric Pfeiffer",1999,"https://fbref.com/en/players/d07d0aeb/Patric-Pfeiffer",1999-08-20,"https://www.transfermarkt.com/patric-pfeiffer/profil/spieler/391742","Centre-Back"
"Patrick Dorgu",2004,"https://fbref.com/en/players/e6536124/Patrick-Dorgu",2004-10-26,"https://www.transfermarkt.com/patrick-dorgu/profil/spieler/926952","Left-Back"
"Patrick Mainka",1994,"https://fbref.com/en/players/dd9caa07/Patrick-Mainka",1994-11-06,"https://www.transfermarkt.com/patrick-mainka/profil/spieler/133731","Centre-Back"
"Pau Cubarsi",2007,"https://fbref.com/en/players/cc7888f3/Pau-Cubarsi",2007-01-22,"https://www.transfermarkt.com/pau-cubarsi/profil/spieler/962110","Centre-Back"
"Paulo Azzi",1994,"https://fbref.com/en/players/967ac202/Paulo-Azzi",1994-07-15,"https://www.transfermarkt.com/paulo-azzi/profil/spieler/310527","Left-Back"
"Pep Biel",1996,"https://fbref.com/en/players/1c59240b/Pep-Biel",1996-09-05,"https://www.transfermarkt.com/pep-biel/profil/spieler/263804","Attacking Midfield"
"Philipp Kohn",1998,"https://fbref.com/en/players/ff74841d/Philipp-Kohn",1998-04-02,"https://www.transfermarkt.com/philipp-kohn/profil/spieler/251322","Goalkeeper"
"Phillip Tietz",1997,"https://fbref.com/en/players/3397e7b5/Phillip-Tietz",1997-07-09,"https://www.transfermarkt.com/phillip-tietz/profil/spieler/288340","Centre-Forward"
"Pietro Comuzzo",2005,"https://fbref.com/en/players/5e3ecc35/Pietro-Comuzzo",2005-02-20,"https://www.transfermarkt.com/pietro-comuzzo/profil/spieler/746712","Centre-Back"
"Rafa Marin",2002,"https://fbref.com/en/players/3239a8ed/Rafa-Marin",2002-05-19,"https://www.transfermarkt.com/rafa-marin/profil/spieler/662261","Centre-Back"
"Rasmus Carstensen",2000,"https://fbref.com/en/players/64d7f629/Rasmus-Carstensen",2000-11-10,"https://www.transfermarkt.com/rasmus-carstensen/profil/spieler/542697","Right-Back"
"Rasmus Kristensen",1997,"https://fbref.com/en/players/39769cff/Rasmus-Kristensen",1997-07-11,"https://www.transfermarkt.com/rasmus-kristensen/profil/spieler/369684","Right-Back"
"Rassoul Ndiaye",2001,"https://fbref.com/en/players/36f65bdf/Rassoul-Ndiaye",2001-12-11,"https://www.transfermarkt.com/rassoul-ndiaye/profil/spieler/662242","Central Midfield"
"Ricard Sanchez",2000,"https://fbref.com/en/players/fce521d7/Ricard-Sanchez",2000-02-22,"https://www.transfermarkt.com/ricard-sanchez/profil/spieler/388545","Right-Back"
"Rodrigo Ribeiro",2005,"https://fbref.com/en/players/484a3eae/Rodrigo-Ribeiro",2005-04-28,"https://www.transfermarkt.com/rodrigo-ribeiro/profil/spieler/726701","Centre-Forward"
"Saba Sazonov",2002,"https://fbref.com/en/players/645dffbf/Saba-Sazonov",2002-02-01,"https://www.transfermarkt.com/saba-sazonov/profil/spieler/655456","Centre-Back"
"Sadibou Sane",2004,"https://fbref.com/en/players/b2009f99/Sadibou-Sane",2004-06-10,"https://www.transfermarkt.com/sadibou-sane/profil/spieler/1111777","Centre-Back"
"Samuel Lino",1999,"https://fbref.com/en/players/2a295d33/Samuel-Lino",1999-12-23,"https://www.transfermarkt.com/samuel-lino/profil/spieler/694928","Left Winger"
"Samuele Mulattieri",2000,"https://fbref.com/en/players/30297946/Samuele-Mulattieri",2000-10-07,"https://www.transfermarkt.com/samuele-mulattieri/profil/spieler/457422","Centre-Forward"
"Santiago Castro",2004,"https://fbref.com/en/players/ee5565ae/Santiago-Castro",2004-09-18,"https://www.transfermarkt.com/santiago-castro/profil/spieler/849520","Centre-Forward"
"Santiago Pierotti",2001,"https://fbref.com/en/players/ec315772/Santiago-Pierotti",2001-04-03,"https://www.transfermarkt.com/santiago-pierotti/profil/spieler/674806","Right Winger"
"Saul Coco",1999,"https://fbref.com/en/players/d0ee1652/Saul-Coco",1999-02-09,"https://www.transfermarkt.com/saul-coco/profil/spieler/588426","Centre-Back"
"Senne Lynen",1999,"https://fbref.com/en/players/0ed60738/Senne-Lynen",1999-02-19,"https://www.transfermarkt.com/senne-lynen/profil/spieler/338668","Defensive Midfield"
"Senny Mayulu",2006,"https://fbref.com/en/players/bac89b96/Senny-Mayulu",2006-05-17,"https://www.transfermarkt.com/senny-mayulu/profil/spieler/903693","Attacking Midfield"
"Sergi Altimira",2001,"https://fbref.com/en/players/94acdd4e/Sergi-Altimira",2001-08-25,"https://www.transfermarkt.com/sergi-altimira/profil/spieler/466801","Central Midfield"
"Sergi Cardona",1999,"https://fbref.com/en/players/74e90475/Sergi-Cardona",1999-07-08,"https://www.transfermarkt.com/sergi-cardona/profil/spieler/678406","Left-Back"
"Serhou Guirassy",1996,"https://fbref.com/en/players/923f4dda/Serhou-Guirassy",1996-03-12,"https://www.transfermarkt.com/serhou-guirassy/profil/spieler/270541","Centre-Forward"
"Shamar Nicholson",1997,"https://fbref.com/en/players/e33fb79d/Shamar-Nicholson",1997-03-16,"https://www.transfermarkt.com/shamar-nicholson/profil/spieler/354666","Centre-Forward"
"Shavy Babicka",2000,"https://fbref.com/en/players/c6f0d5d4/Shavy-Babicka",2000-06-01,"https://www.transfermarkt.com/shavy-babicka/profil/spieler/916920","Right Winger"
"Shio Fukuda",2004,"https://fbref.com/en/players/056a8552/Shio-Fukuda",2004-04-08,"https://www.transfermarkt.com/shio-fukuda/profil/spieler/1073997","Centre-Forward"
"Simon Adingra",2002,"https://fbref.com/en/players/4dcec659/Simon-Adingra",2002-01-01,"https://www.transfermarkt.com/simon-adingra/profil/spieler/658536","Left Winger"
"Skelly Alvero",2002,"https://fbref.com/en/players/add37c13/Skelly-Alvero",2002-05-04,"https://www.transfermarkt.com/skelly-alvero/profil/spieler/855134","Central Midfield"
"Stefan Mitrovic",2002,"https://fbref.com/en/players/232b3da4/Stefan-Mitrovic",2002-08-15,"https://www.transfermarkt.com/stefan-mitrovic/profil/spieler/726526","Left Winger"
"Stefan Schimmer",1994,"https://fbref.com/en/players/395bbb60/Stefan-Schimmer",1994-04-28,"https://www.transfermarkt.com/stefan-schimmer/profil/spieler/394033","Centre-Forward"
"Steve Ngoura",2005,"https://fbref.com/en/players/731f1f5a/Steve-Ngoura",2005-02-22,"https://www.transfermarkt.com/steve-ngoura/profil/spieler/923838","Centre-Forward"
"Steven Baseya",2005,"https://fbref.com/en/players/a329a732/Steven-Baseya",2005-01-14,"https://www.transfermarkt.com/steven-baseya/profil/spieler/988468","Centre-Back"
"Tadeo Allende",1999,"https://fbref.com/en/players/75a66bed/Tadeo-Allende",1999-02-20,"https://www.transfermarkt.com/tadeo-allende/profil/spieler/872184","Right Winger"
"Teddy Teuma",1993,"https://fbref.com/en/players/5c26ca51/Teddy-Teuma",1993-09-30,"https://www.transfermarkt.com/teddy-teuma/profil/spieler/409153","Central Midfield"
"Therence Koudou",2004,"https://fbref.com/en/players/059a83b8/Therence-Koudou",2004-12-13,"https://www.transfermarkt.com/therence-koudou/profil/spieler/910176","Right-Back"
"Thomas Isherwood",1998,"https://fbref.com/en/players/2be28a0c/Thomas-Isherwood",1998-01-28,"https://www.transfermarkt.com/thomas-isherwood/profil/spieler/322075","Centre-Back"
"Thomas Keller",1999,"https://fbref.com/en/players/285c7011/Thomas-Keller",1999-08-05,"https://www.transfermarkt.com/thomas-keller/profil/spieler/485747","Centre-Back"
"Thomas Kristensen",2002,"https://fbref.com/en/players/fadf9a05/Thomas-Kristensen",2002-01-17,"https://www.transfermarkt.com/thomas-kristensen/profil/spieler/698259","Centre-Back"
"Tim Breithaupt",2002,"https://fbref.com/en/players/ed98c321/Tim-Breithaupt",2002-02-07,"https://www.transfermarkt.com/tim-breithaupt/profil/spieler/569457","Defensive Midfield"
"Tim Drexler",2005,"https://fbref.com/en/players/0911b4fc/Tim-Drexler",2005-03-06,"https://www.transfermarkt.com/tim-drexler/profil/spieler/822958","Centre-Back"
"Tobias Kempe",1989,"https://fbref.com/en/players/d7cdfd81/Tobias-Kempe",1989-06-27,"https://www.transfermarkt.com/tobias-kempe/profil/spieler/42072","Central Midfield"
"Tom Louchet",2003,"https://fbref.com/en/players/f999e9be/Tom-Louchet",2003-05-04,"https://www.transfermarkt.com/tom-louchet/profil/spieler/750904","Central Midfield"
"Tomas Cvancara",2000,"https://fbref.com/en/players/298c8aa1/Tomas-Cvancara",2000-08-13,"https://www.transfermarkt.com/tomas-cvancara/profil/spieler/544148","Centre-Forward"
"Tommaso Corazza",2004,"https://fbref.com/en/players/c1b9b13c/Tommaso-Corazza",2004-06-29,"https://www.transfermarkt.com/tommaso-corazza/profil/spieler/818880","Left-Back"
"Tommy Doyle",2001,"https://fbref.com/en/players/5526deb1/Tommy-Doyle",2001-10-17,"https://www.transfermarkt.com/tommy-doyle/profil/spieler/433183","Central Midfield"
"Unai Gomez",2003,"https://fbref.com/en/players/37db6cae/Unai-Gomez",2003-05-25,"https://www.transfermarkt.com/unai-gomez/profil/spieler/834752","Attacking Midfield"
"Valentin Barco",2004,"https://fbref.com/en/players/b9f282ec/Valentin-Barco",2004-07-23,"https://www.transfermarkt.com/valentin-barco/profil/spieler/849410","Left-Back"
"Valery Fernandez",1999,"https://fbref.com/en/players/4acd733a/Valery-Fernandez",1999-11-23,"https://www.transfermarkt.com/valery-fernandez/profil/spieler/331496","Right Winger"
"Victor Boniface",2000,"https://fbref.com/en/players/b146275b/Victor-Boniface",2000-12-23,"https://www.transfermarkt.com/victor-boniface/profil/spieler/656681","Centre-Forward"
"Walid Cheddira",1998,"https://fbref.com/en/players/0545a08e/Walid-Cheddira",1998-01-22,"https://www.transfermarkt.com/walid-cheddira/profil/spieler/521407","Centre-Forward"
"Willian Pacho",2001,"https://fbref.com/en/players/ecbe2839/Willian-Pacho",2001-10-16,"https://www.transfermarkt.com/willian-pacho/profil/spieler/661171","Centre-Back"
"Willy Kambwala",2004,"https://fbref.com/en/players/6a7353d7/Willy-Kambwala",2004-08-25,"https://www.transfermarkt.com/willy-kambwala/profil/spieler/780630","Centre-Back"
"Yangel Herrera",1998,"https://fbref.com/en/players/5083a734/Yangel-Herrera",1998-01-07,"https://www.transfermarkt.com/yangel-herrera/profil/spieler/378293","Central Midfield"
"Yassine Kechta",2002,"https://fbref.com/en/players/abefc3af/Yassine-Kechta",2002-02-25,"https://www.transfermarkt.com/yassine-kechta/profil/spieler/667967","Central Midfield"
"Ylber Ramadani",1996,"https://fbref.com/en/players/ef3c876b/Ylber-Ramadani",1996-04-12,"https://www.transfermarkt.com/ylber-ramadani/profil/spieler/442703","Defensive Midfield"
"Zeki Amdouni",2000,"https://fbref.com/en/players/2ee5b0c9/Zeki-Amdouni",2000-12-04,"https://www.transfermarkt.com/zeki-amdouni/profil/spieler/548729","Centre-Forward"
"Zito Luvumbo",2002,"https://fbref.com/en/players/b09e0873/Zito-Luvumbo",2002-03-09,"https://www.transfermarkt.com/zito-luvumbo/profil/spieler/666547","Centre-Forward"
